alpha,cosine_score,fused_score,improvement
0.4,0.0,1.0,1.0
0.5,0.0,1.0,1.0
0.7,0.0,1.0,1.0
0.9,0.0,0.6666666666666666,0.6666666666666666
0.95,0.0,0.6666666666666666,0.6666666666666666
